"jenis_kelamin","kelas","level_pendidikan","makan_siang","persiapan_belajar","nilai matematika","nilai membaca","nilai menulis"
"laki-laki","kelas A","campuran","normal","ya","67","67","63"
"perempuan","kelas B","SMP","mengurangi/sedikit","tidak","40","59","55"
"laki-laki","kelas C","SMA","mengurangi/sedikit","tidak","59","60","50"
"laki-laki","kelas D","SMA","normal","tidak","77","78","68"
"laki-laki","kelas E","diploma","normal","ya","78","73","68"
"perempuan","kelas D","SMA","normal","tidak","63","77","76"
"perempuan","kelas A","sarjana","normal","tidak","62","59","63"
"laki-laki","kelas E","campuran","normal","ya","93","88","84"
"laki-laki","kelas D","SMA","normal","tidak","63","56","65"
"laki-laki","kelas C","campuran","mengurangi/sedikit","tidak","47","42","45"
"laki-laki","kelas E","campuran","normal","ya","99","83","85"
"perempuan","kelas D","SMA","normal","ya","80","87","90"
"laki-laki","kelas D","diploma","normal","ya","77","87","85"
"laki-laki","kelas C","SMA","normal","ya","74","74","73"
"laki-laki","kelas E","SMP","normal","ya","81","87","85"
"laki-laki","kelas E","diploma","mengurangi/sedikit","tidak","69","61","57"
"laki-laki","kelas B","SMA","normal","tidak","58","47","42"
"perempuan","kelas C","diploma","normal","ya","54","62","65"
"perempuan","kelas C","diploma","mengurangi/sedikit","tidak","23","44","44"
"laki-laki","kelas C","campuran","mengurangi/sedikit","tidak","39","32","31"
"perempuan","kelas C","diploma","normal","tidak","83","76","88"
"laki-laki","kelas C","diploma","normal","tidak","58","52","55"
"laki-laki","kelas B","campuran","normal","ya","71","69","73"
"perempuan","kelas B","campuran","mengurangi/sedikit","tidak","44","55","54"
"laki-laki","kelas E","SMP","mengurangi/sedikit","tidak","46","38","32"
"laki-laki","kelas C","SMA","mengurangi/sedikit","tidak","51","45","42"
"perempuan","kelas C","SMP","normal","tidak","53","60","56"
"laki-laki","kelas E","SMA","normal","tidak","71","68","60"
"perempuan","kelas B","SMA","normal","ya","74","89","89"
"perempuan","kelas A","SMP","mengurangi/sedikit","tidak","33","54","51"
"laki-laki","kelas B","campuran","normal","tidak","87","79","77"
"laki-laki","kelas A","sarjana","mengurangi/sedikit","tidak","78","74","73"
"laki-laki","kelas A","SMP","mengurangi/sedikit","ya","40","41","39"
"perempuan","kelas B","diploma","normal","ya","65","65","71"
"perempuan","kelas B","sarjana","normal","ya","79","88","89"
"perempuan","kelas A","sarjana","normal","tidak","68","74","74"
"perempuan","kelas C","campuran","normal","ya","57","77","75"
"laki-laki","kelas B","SMA","mengurangi/sedikit","tidak","67","65","54"
"perempuan","kelas B","campuran","mengurangi/sedikit","ya","58","68","73"
"laki-laki","kelas E","diploma","normal","tidak","98","81","77"
"perempuan","kelas B","magister","mengurangi/sedikit","tidak","54","75","72"
"laki-laki","kelas D","SMA","normal","tidak","77","67","64"
"laki-laki","kelas E","SMA","normal","ya","87","79","82"
"perempuan","kelas C","magister","normal","tidak","58","70","70"
"laki-laki","kelas E","SMA","normal","tidak","100","88","87"
"laki-laki","kelas C","sarjana","normal","tidak","60","46","51"
"laki-laki","kelas C","diploma","mengurangi/sedikit","tidak","64","63","57"
"perempuan","kelas E","SMP","normal","ya","65","76","78"
"perempuan","kelas D","SMA","normal","tidak","68","72","73"
"laki-laki","kelas C","diploma","mengurangi/sedikit","ya","60","63","57"
"laki-laki","kelas D","SMA","normal","tidak","65","68","64"
"perempuan","kelas C","SMP","mengurangi/sedikit","tidak","52","58","60"
"perempuan","kelas C","diploma","normal","tidak","74","81","85"
"perempuan","kelas C","SMA","mengurangi/sedikit","tidak","36","53","49"
"laki-laki","kelas D","SMA","mengurangi/sedikit","tidak","57","57","47"
"perempuan","kelas C","campuran","normal","ya","56","60","62"
"perempuan","kelas C","sarjana","normal","ya","67","80","84"
"laki-laki","kelas D","diploma","normal","ya","88","87","83"
"perempuan","kelas D","campuran","mengurangi/sedikit","tidak","42","61","51"
"laki-laki","kelas E","SMP","normal","tidak","68","51","48"
"laki-laki","kelas D","campuran","mengurangi/sedikit","tidak","76","66","68"
"perempuan","kelas E","SMP","normal","tidak","58","63","59"
"laki-laki","kelas E","SMP","normal","ya","69","67","62"
"laki-laki","kelas A","sarjana","normal","ya","77","82","78"
"laki-laki","kelas D","magister","normal","ya","83","93","97"
"perempuan","kelas C","SMP","mengurangi/sedikit","ya","49","74","70"
"laki-laki","kelas C","SMA","normal","tidak","71","60","56"
"perempuan","kelas D","SMP","mengurangi/sedikit","tidak","47","46","49"
"laki-laki","kelas B","SMA","normal","tidak","79","64","60"
"perempuan","kelas C","SMA","normal","tidak","60","64","57"
"perempuan","kelas C","diploma","normal","ya","56","68","73"
"laki-laki","kelas C","diploma","normal","tidak","57","52","47"
"perempuan","kelas B","campuran","normal","tidak","49","70","63"
"perempuan","kelas C","SMP","normal","ya","79","76","81"
"laki-laki","kelas B","magister","mengurangi/sedikit","tidak","71","76","67"
"perempuan","kelas C","SMA","normal","tidak","71","77","70"
"perempuan","kelas C","campuran","normal","tidak","47","63","59"
"perempuan","kelas D","SMA","mengurangi/sedikit","tidak","72","91","81"
"laki-laki","kelas C","diploma","normal","tidak","78","73","76"
"laki-laki","kelas D","SMP","normal","tidak","54","43","45"
"perempuan","kelas B","sarjana","normal","tidak","46","59","62"
"perempuan","kelas D","SMP","mengurangi/sedikit","tidak","31","38","42"
"perempuan","kelas C","diploma","mengurangi/sedikit","tidak","51","59","59"
"laki-laki","kelas B","SMA","normal","ya","78","76","73"
"perempuan","kelas B","diploma","mengurangi/sedikit","tidak","32","41","39"
"perempuan","kelas C","SMP","normal","tidak","53","71","69"
"perempuan","kelas C","campuran","mengurangi/sedikit","tidak","63","76","69"
"laki-laki","kelas D","campuran","normal","tidak","97","93","88"
"perempuan","kelas D","campuran","normal","tidak","56","52","61"
"laki-laki","kelas B","SMA","normal","tidak","72","76","72"
"laki-laki","kelas C","campuran","mengurangi/sedikit","tidak","57","47","42"
"laki-laki","kelas B","SMP","normal","tidak","74","71","70"
"perempuan","kelas D","magister","normal","tidak","81","81","87"
"laki-laki","kelas D","sarjana","normal","ya","94","87","93"
"laki-laki","kelas B","magister","mengurangi/sedikit","tidak","81","73","72"
"perempuan","kelas C","SMA","normal","ya","58","63","67"
"perempuan","kelas E","diploma","normal","ya","95","100","100"
"laki-laki","kelas B","SMA","mengurangi/sedikit","tidak","45","52","49"
"laki-laki","kelas A","campuran","normal","tidak","63","50","49"
"laki-laki","kelas B","diploma","normal","tidak","60","54","53"
"laki-laki","kelas C","campuran","mengurangi/sedikit","ya","54","61","62"
"laki-laki","kelas C","campuran","normal","ya","75","78","79"
"laki-laki","kelas E","SMA","normal","tidak","79","78","77"
"laki-laki","kelas D","SMA","normal","tidak","66","67","67"
"perempuan","kelas B","campuran","normal","tidak","47","58","58"
"perempuan","kelas D","sarjana","normal","tidak","70","78","82"
"laki-laki","kelas D","SMA","normal","tidak","82","74","73"
"laki-laki","kelas A","sarjana","normal","tidak","56","38","44"
"laki-laki","kelas B","diploma","normal","tidak","92","78","71"
"laki-laki","kelas C","campuran","mengurangi/sedikit","tidak","30","33","33"
"perempuan","kelas C","campuran","normal","ya","79","88","86"
"perempuan","kelas D","SMP","normal","tidak","41","52","47"
"perempuan","kelas C","magister","normal","tidak","63","82","71"
"laki-laki","kelas A","sarjana","mengurangi/sedikit","tidak","43","34","33"
"laki-laki","kelas D","SMA","normal","tidak","77","76","74"
"laki-laki","kelas B","diploma","normal","ya","76","79","76"
"perempuan","kelas E","campuran","mengurangi/sedikit","tidak","49","61","63"
"laki-laki","kelas C","diploma","normal","ya","59","57","55"
"laki-laki","kelas B","sarjana","mengurangi/sedikit","tidak","59","70","58"
"perempuan","kelas D","SMP","normal","ya","76","90","87"
"perempuan","kelas C","SMA","normal","ya","55","71","71"
"perempuan","kelas D","sarjana","normal","ya","78","87","89"
"perempuan","kelas C","sarjana","normal","ya","51","53","62"
"perempuan","kelas C","SMP","normal","ya","41","43","45"
"perempuan","kelas D","diploma","normal","tidak","74","78","86"
"laki-laki","kelas C","magister","normal","tidak","62","54","58"
"laki-laki","kelas D","diploma","normal","tidak","77","71","64"
"laki-laki","kelas C","SMP","normal","tidak","45","52","45"
"laki-laki","kelas E","campuran","normal","ya","100","84","87"
"perempuan","kelas D","diploma","mengurangi/sedikit","ya","83","95","100"
"perempuan","kelas E","diploma","mengurangi/sedikit","ya","77","75","82"
"laki-laki","kelas C","SMA","normal","ya","66","70","64"
"laki-laki","kelas B","campuran","normal","tidak","65","63","57"
"laki-laki","kelas D","diploma","normal","tidak","62","55","56"
"laki-laki","kelas E","campuran","normal","tidak","55","54","54"
"laki-laki","kelas C","SMP","mengurangi/sedikit","tidak","73","78","69"
"laki-laki","kelas A","campuran","normal","ya","73","81","76"
"perempuan","kelas B","diploma","normal","ya","48","66","68"
"laki-laki","kelas D","campuran","mengurangi/sedikit","tidak","52","44","49"
"perempuan","kelas C","SMP","mengurangi/sedikit","tidak","60","72","64"
"laki-laki","kelas B","diploma","mengurangi/sedikit","tidak","68","63","57"
"perempuan","kelas D","campuran","mengurangi/sedikit","tidak","65","77","83"
"perempuan","kelas D","sarjana","normal","tidak","86","83","87"
"perempuan","kelas B","diploma","normal","tidak","55","62","60"
"laki-laki","kelas B","magister","normal","ya","80","71","68"
"perempuan","kelas B","SMA","mengurangi/sedikit","tidak","51","57","57"
"perempuan","kelas B","SMP","normal","ya","63","61","66"
"laki-laki","kelas E","campuran","normal","tidak","60","55","46"
"perempuan","kelas E","sarjana","normal","ya","100","100","100"
"laki-laki","kelas A","diploma","mengurangi/sedikit","tidak","46","44","44"
"perempuan","kelas C","campuran","normal","ya","67","78","80"
"perempuan","kelas C","SMA","mengurangi/sedikit","tidak","54","67","59"
"perempuan","kelas B","diploma","normal","tidak","63","79","76"
"laki-laki","kelas D","sarjana","normal","tidak","68","66","73"
"perempuan","kelas C","diploma","mengurangi/sedikit","tidak","54","63","58"
"perempuan","kelas C","campuran","normal","tidak","43","44","47"
"laki-laki","kelas B","SMA","mengurangi/sedikit","tidak","64","64","59"
"perempuan","kelas E","diploma","mengurangi/sedikit","tidak","92","87","87"
"perempuan","kelas D","diploma","mengurangi/sedikit","tidak","82","95","93"
"laki-laki","kelas E","SMP","mengurangi/sedikit","tidak","84","78","79"
"perempuan","kelas D","diploma","normal","ya","84","98","97"
"laki-laki","kelas D","diploma","mengurangi/sedikit","tidak","65","63","65"
"perempuan","kelas C","sarjana","normal","tidak","83","92","91"
"perempuan","kelas B","SMP","normal","ya","70","75","75"
"laki-laki","kelas A","sarjana","normal","ya","66","72","70"
"perempuan","kelas D","sarjana","normal","ya","71","87","92"
"laki-laki","kelas B","sarjana","normal","tidak","66","64","58"
"perempuan","kelas B","SMP","normal","ya","57","64","68"
"perempuan","kelas C","magister","normal","tidak","86","90","93"
"perempuan","kelas A","SMA","normal","tidak","80","85","83"
"perempuan","kelas B","SMA","normal","tidak","62","60","59"
"perempuan","kelas D","campuran","normal","tidak","71","71","76"
"perempuan","kelas C","campuran","mengurangi/sedikit","ya","57","66","71"
"laki-laki","kelas A","SMP","mengurangi/sedikit","ya","69","64","62"
"laki-laki","kelas B","campuran","normal","ya","83","74","72"
"perempuan","kelas D","campuran","mengurangi/sedikit","tidak","50","56","60"
"perempuan","kelas C","sarjana","normal","tidak","55","56","56"
"laki-laki","kelas B","SMP","mengurangi/sedikit","tidak","55","53","51"
"perempuan","kelas D","campuran","mengurangi/sedikit","ya","83","93","95"
"laki-laki","kelas D","SMA","normal","ya","89","87","86"
"perempuan","kelas D","SMP","normal","tidak","51","62","64"
"perempuan","kelas C","campuran","normal","tidak","48","52","49"
"perempuan","kelas E","sarjana","normal","tidak","84","95","89"
"perempuan","kelas C","diploma","normal","tidak","69","83","76"
"perempuan","kelas C","diploma","normal","ya","75","85","87"
"perempuan","kelas C","magister","normal","tidak","91","100","99"
"laki-laki","kelas B","SMA","normal","tidak","76","77","67"
"laki-laki","kelas E","SMP","mengurangi/sedikit","tidak","63","61","59"
"laki-laki","kelas D","SMA","normal","tidak","73","65","64"
"laki-laki","kelas B","SMP","mengurangi/sedikit","ya","52","63","53"
"laki-laki","kelas B","SMP","normal","ya","58","57","53"
"perempuan","kelas B","SMP","normal","tidak","33","51","51"
"laki-laki","kelas E","SMP","mengurangi/sedikit","tidak","68","62","61"
"perempuan","kelas C","diploma","normal","ya","77","91","89"
"perempuan","kelas C","sarjana","normal","tidak","64","64","66"
"perempuan","kelas D","SMP","mengurangi/sedikit","tidak","39","49","48"
"laki-laki","kelas D","sarjana","normal","tidak","50","46","48"
"laki-laki","kelas A","magister","mengurangi/sedikit","tidak","53","57","51"
"perempuan","kelas B","diploma","normal","ya","54","62","70"
"laki-laki","kelas D","SMA","normal","tidak","74","63","65"
"perempuan","kelas D","diploma","normal","ya","50","63","65"
"laki-laki","kelas E","diploma","normal","tidak","55","54","47"
"laki-laki","kelas C","campuran","normal","tidak","77","64","70"
"perempuan","kelas B","SMP","normal","ya","49","64","67"
"perempuan","kelas D","diploma","mengurangi/sedikit","tidak","66","83","82"
"laki-laki","kelas B","SMP","normal","ya","77","74","75"
"perempuan","kelas A","magister","normal","ya","74","78","84"
"laki-laki","kelas C","campuran","normal","tidak","85","78","81"
"perempuan","kelas A","campuran","normal","tidak","77","86","84"
"perempuan","kelas B","diploma","normal","tidak","64","62","66"
"perempuan","kelas D","SMA","mengurangi/sedikit","ya","61","69","68"
"laki-laki","kelas D","diploma","normal","tidak","97","88","85"
"laki-laki","kelas C","campuran","normal","ya","66","75","70"
"laki-laki","kelas C","SMP","normal","tidak","62","66","64"
"perempuan","kelas E","SMP","normal","ya","64","80","77"
"perempuan","kelas B","sarjana","mengurangi/sedikit","tidak","55","57","60"
"perempuan","kelas B","diploma","normal","tidak","53","72","66"
"perempuan","kelas D","campuran","mengurangi/sedikit","tidak","71","81","77"
"laki-laki","kelas B","SMA","mengurangi/sedikit","ya","66","59","68"
"laki-laki","kelas C","diploma","normal","tidak","68","61","62"
"laki-laki","kelas D","campuran","normal","tidak","89","90","83"
"laki-laki","kelas C","diploma","normal","ya","65","69","74"
"perempuan","kelas B","SMP","normal","tidak","43","48","44"
"perempuan","kelas D","magister","normal","tidak","79","77","83"
"laki-laki","kelas D","sarjana","normal","tidak","99","94","97"
"laki-laki","kelas D","SMP","normal","tidak","82","69","72"
"laki-laki","kelas D","campuran","mengurangi/sedikit","ya","35","36","39"
"perempuan","kelas D","sarjana","mengurangi/sedikit","tidak","61","71","73"
"perempuan","kelas D","SMA","normal","tidak","76","80","81"
"laki-laki","kelas C","diploma","mengurangi/sedikit","ya","94","83","82"
"perempuan","kelas C","SMA","normal","tidak","75","90","78"
"laki-laki","kelas B","campuran","normal","tidak","81","75","70"
"laki-laki","kelas C","campuran","mengurangi/sedikit","tidak","35","44","33"
"laki-laki","kelas C","campuran","normal","tidak","76","74","72"
"perempuan","kelas B","sarjana","normal","tidak","58","79","82"
"laki-laki","kelas C","diploma","normal","ya","100","91","90"
"perempuan","kelas C","sarjana","normal","tidak","53","68","64"
"perempuan","kelas D","SMA","normal","tidak","82","95","96"
"laki-laki","kelas B","diploma","normal","tidak","76","62","64"
"laki-laki","kelas C","sarjana","normal","ya","83","75","75"
"perempuan","kelas D","campuran","normal","tidak","72","84","82"
"laki-laki","kelas D","diploma","normal","ya","76","76","83"
"laki-laki","kelas D","SMP","normal","tidak","66","64","58"
"laki-laki","kelas C","campuran","normal","tidak","63","65","63"
"laki-laki","kelas B","SMP","normal","tidak","36","34","28"
"laki-laki","kelas C","SMA","normal","tidak","68","74","71"
"perempuan","kelas C","SMP","mengurangi/sedikit","ya","40","52","42"
"laki-laki","kelas D","SMP","normal","tidak","68","71","61"
"laki-laki","kelas C","diploma","normal","ya","56","54","52"
"perempuan","kelas D","diploma","mengurangi/sedikit","tidak","74","83","80"
"perempuan","kelas D","campuran","mengurangi/sedikit","tidak","53","70","71"
"laki-laki","kelas B","SMP","normal","tidak","88","65","70"
"laki-laki","kelas D","SMP","normal","tidak","67","63","61"
"perempuan","kelas B","diploma","normal","tidak","60","76","65"
"perempuan","kelas C","SMA","mengurangi/sedikit","tidak","51","61","54"
"perempuan","kelas D","SMP","normal","tidak","53","66","59"
"laki-laki","kelas A","sarjana","normal","tidak","80","78","74"
"perempuan","kelas E","SMP","normal","tidak","69","71","67"
"perempuan","kelas B","SMP","mengurangi/sedikit","tidak","64","79","70"
"perempuan","kelas D","diploma","mengurangi/sedikit","ya","80","87","89"
"perempuan","kelas A","SMP","normal","tidak","58","72","62"
"perempuan","kelas C","SMA","normal","tidak","39","46","50"
"laki-laki","kelas D","SMP","normal","tidak","64","56","50"
"laki-laki","kelas D","diploma","normal","tidak","61","66","63"
"laki-laki","kelas D","SMP","normal","ya","90","82","88"
"laki-laki","kelas D","SMP","normal","tidak","73","71","64"
"laki-laki","kelas C","diploma","normal","tidak","73","73","70"
"perempuan","kelas D","diploma","normal","tidak","67","76","77"
"perempuan","kelas B","campuran","normal","tidak","57","58","62"
"perempuan","kelas E","campuran","normal","tidak","65","73","72"
"perempuan","kelas C","SMP","normal","tidak","71","72","71"
"perempuan","kelas D","SMP","normal","tidak","59","69","72"
"laki-laki","kelas B","SMA","normal","ya","74","71","65"
"perempuan","kelas E","SMA","normal","tidak","93","100","93"
"perempuan","kelas B","SMP","normal","ya","85","93","92"
"perempuan","kelas E","SMP","normal","tidak","76","83","79"
"perempuan","kelas D","SMA","mengurangi/sedikit","tidak","58","72","70"
"perempuan","kelas E","diploma","normal","tidak","72","77","77"
"perempuan","kelas B","SMA","normal","tidak","40","49","47"
"laki-laki","kelas D","SMA","normal","ya","75","73","66"
"laki-laki","kelas D","SMP","normal","tidak","85","81","80"
"laki-laki","kelas E","diploma","normal","ya","100","100","100"
"perempuan","kelas B","campuran","mengurangi/sedikit","ya","53","65","66"
"laki-laki","kelas D","campuran","mengurangi/sedikit","tidak","40","42","39"
"laki-laki","kelas B","sarjana","mengurangi/sedikit","tidak","49","49","49"
"laki-laki","kelas C","diploma","normal","tidak","77","80","80"
"perempuan","kelas D","SMA","normal","tidak","82","89","84"
"laki-laki","kelas C","campuran","normal","tidak","55","48","42"
"perempuan","kelas C","SMP","mengurangi/sedikit","tidak","62","71","77"
"laki-laki","kelas B","SMA","normal","ya","69","63","59"
"laki-laki","kelas C","diploma","normal","tidak","78","74","76"
"perempuan","kelas B","SMA","mengurangi/sedikit","ya","71","77","82"
"laki-laki","kelas D","campuran","mengurangi/sedikit","ya","59","71","66"
"perempuan","kelas D","SMA","mengurangi/sedikit","tidak","60","75","70"
"perempuan","kelas C","sarjana","mengurangi/sedikit","ya","43","60","60"
"perempuan","kelas C","SMP","normal","tidak","77","83","86"
"laki-laki","kelas D","SMP","mengurangi/sedikit","tidak","50","47","46"
"perempuan","kelas E","sarjana","mengurangi/sedikit","tidak","56","58","52"
"laki-laki","kelas B","SMA","normal","tidak","69","58","50"
"laki-laki","kelas D","SMA","normal","tidak","47","43","39"
"laki-laki","kelas B","campuran","mengurangi/sedikit","tidak","43","28","24"
"laki-laki","kelas A","SMP","mengurangi/sedikit","tidak","48","39","40"
"laki-laki","kelas C","SMA","mengurangi/sedikit","tidak","55","62","49"
"laki-laki","kelas C","campuran","normal","tidak","73","68","66"
"laki-laki","kelas D","sarjana","normal","tidak","71","63","66"
"perempuan","kelas B","campuran","normal","tidak","54","57","60"
"laki-laki","kelas C","SMA","normal","tidak","66","61","63"
"laki-laki","kelas A","magister","normal","tidak","63","63","67"
"perempuan","kelas D","sarjana","normal","tidak","66","81","73"
"laki-laki","kelas C","sarjana","normal","ya","79","80","75"
"laki-laki","kelas D","diploma","mengurangi/sedikit","ya","73","69","70"
"perempuan","kelas C","SMP","normal","tidak","36","57","53"
"laki-laki","kelas C","diploma","mengurangi/sedikit","tidak","50","48","43"
"laki-laki","kelas E","campuran","normal","ya","87","78","80"
"laki-laki","kelas C","diploma","normal","tidak","71","68","63"
"perempuan","kelas C","diploma","normal","ya","85","87","94"
"perempuan","kelas C","SMA","normal","ya","58","67","64"
"laki-laki","kelas C","campuran","normal","tidak","86","83","81"
"perempuan","kelas D","SMP","mengurangi/sedikit","tidak","64","86","89"
"laki-laki","kelas D","campuran","normal","tidak","83","85","79"
"laki-laki","kelas E","SMA","mengurangi/sedikit","ya","58","56","49"
"perempuan","kelas C","campuran","mengurangi/sedikit","ya","59","83","81"
"perempuan","kelas C","SMA","normal","tidak","40","58","54"
"laki-laki","kelas D","diploma","normal","ya","82","83","85"
"laki-laki","kelas E","SMP","normal","tidak","87","84","80"
"perempuan","kelas C","SMP","normal","tidak","62","65","64"
"laki-laki","kelas B","diploma","mengurangi/sedikit","ya","76","80","78"
"perempuan","kelas A","SMA","normal","tidak","63","69","60"
"laki-laki","kelas D","campuran","mengurangi/sedikit","ya","58","60","59"
"laki-laki","kelas D","diploma","normal","ya","61","63","65"
"laki-laki","kelas C","campuran","normal","tidak","78","69","71"
"perempuan","kelas C","sarjana","mengurangi/sedikit","ya","78","90","81"
"laki-laki","kelas C","campuran","normal","tidak","56","54","43"
"laki-laki","kelas D","SMP","normal","tidak","96","83","82"
"laki-laki","kelas C","SMA","normal","tidak","48","43","40"
"laki-laki","kelas C","diploma","normal","ya","70","76","72"
"laki-laki","kelas D","campuran","mengurangi/sedikit","tidak","43","68","58"
"perempuan","kelas E","SMA","mengurangi/sedikit","tidak","45","46","49"
"perempuan","kelas C","diploma","normal","tidak","58","68","62"
"perempuan","kelas A","SMA","normal","ya","70","73","80"
"perempuan","kelas E","SMP","normal","tidak","60","61","58"
"laki-laki","kelas C","SMP","mengurangi/sedikit","tidak","52","53","47"
"laki-laki","kelas C","diploma","mengurangi/sedikit","tidak","61","62","54"
"perempuan","kelas D","SMP","normal","tidak","55","70","61"
"laki-laki","kelas B","SMA","normal","ya","80","80","79"
"laki-laki","kelas D","campuran","mengurangi/sedikit","tidak","63","60","54"
"perempuan","kelas B","magister","normal","tidak","79","79","87"
"laki-laki","kelas A","diploma","normal","tidak","74","78","72"
"perempuan","kelas B","campuran","mengurangi/sedikit","ya","46","58","64"
"perempuan","kelas B","SMP","normal","ya","72","88","92"
"perempuan","kelas E","SMP","mengurangi/sedikit","tidak","58","64","64"
"perempuan","kelas E","magister","normal","tidak","47","50","47"
"perempuan","kelas D","sarjana","normal","ya","68","78","84"
"laki-laki","kelas D","sarjana","mengurangi/sedikit","ya","68","71","67"
"perempuan","kelas D","SMA","normal","tidak","65","75","68"
"perempuan","kelas B","diploma","normal","tidak","50","54","51"
"perempuan","kelas B","SMA","mengurangi/sedikit","ya","48","71","68"
"perempuan","kelas B","sarjana","normal","tidak","58","60","64"
"laki-laki","kelas C","SMP","mengurangi/sedikit","ya","71","74","68"
"laki-laki","kelas D","SMP","mengurangi/sedikit","ya","58","52","48"
"perempuan","kelas A","campuran","mengurangi/sedikit","tidak","66","90","83"
"laki-laki","kelas C","campuran","mengurangi/sedikit","tidak","44","53","43"
"perempuan","kelas B","SMP","normal","ya","51","63","66"
"laki-laki","kelas A","campuran","normal","ya","78","83","77"
"laki-laki","kelas C","SMA","normal","tidak","72","71","65"
"perempuan","kelas D","diploma","normal","tidak","60","64","67"
"perempuan","kelas C","diploma","mengurangi/sedikit","tidak","55","61","60"
"laki-laki","kelas B","SMP","normal","tidak","64","67","64"
"perempuan","kelas C","SMP","mengurangi/sedikit","tidak","57","64","60"
"perempuan","kelas A","SMA","normal","tidak","70","75","74"
"laki-laki","kelas D","SMP","normal","ya","84","72","76"
"perempuan","kelas B","campuran","normal","ya","66","71","76"
"perempuan","kelas C","sarjana","mengurangi/sedikit","ya","56","65","73"
"laki-laki","kelas E","campuran","mengurangi/sedikit","ya","59","53","56"
"perempuan","kelas E","sarjana","normal","tidak","87","89","84"
"laki-laki","kelas E","SMA","mengurangi/sedikit","tidak","73","75","64"
"perempuan","kelas A","SMA","normal","tidak","85","91","89"
"laki-laki","kelas B","campuran","mengurangi/sedikit","tidak","49","54","42"
"perempuan","kelas C","sarjana","normal","ya","82","87","90"
"perempuan","kelas D","campuran","normal","tidak","80","90","90"
"perempuan","kelas E","SMA","normal","tidak","48","51","43"
"perempuan","kelas D","SMA","normal","ya","85","83","94"
"perempuan","kelas E","SMP","normal","ya","70","78","76"
"laki-laki","kelas E","diploma","normal","ya","89","84","81"
"perempuan","kelas D","SMA","normal","ya","72","86","79"
"perempuan","kelas D","SMP","mengurangi/sedikit","tidak","80","86","87"
"perempuan","kelas D","SMP","mengurangi/sedikit","tidak","43","57","50"
"laki-laki","kelas C","SMP","mengurangi/sedikit","ya","54","61","61"
"laki-laki","kelas A","diploma","mengurangi/sedikit","ya","82","82","78"
"laki-laki","kelas C","sarjana","mengurangi/sedikit","tidak","74","80","78"
"perempuan","kelas C","campuran","normal","tidak","63","62","64"
"perempuan","kelas C","SMA","mengurangi/sedikit","tidak","47","56","51"
"perempuan","kelas C","campuran","mengurangi/sedikit","tidak","13","29","23"
"laki-laki","kelas D","campuran","mengurangi/sedikit","tidak","67","58","56"
"laki-laki","kelas C","SMP","normal","tidak","57","59","54"
"perempuan","kelas B","SMP","normal","tidak","64","78","83"
"perempuan","kelas D","diploma","normal","tidak","85","100","100"
"perempuan","kelas B","diploma","normal","ya","70","80","86"
"laki-laki","kelas B","sarjana","normal","ya","90","73","83"
"perempuan","kelas A","campuran","mengurangi/sedikit","ya","53","70","69"
"laki-laki","kelas C","campuran","normal","ya","74","73","75"
"laki-laki","kelas A","diploma","normal","ya","61","71","67"
"perempuan","kelas C","SMP","normal","ya","55","74","73"
"perempuan","kelas B","campuran","normal","ya","65","63","66"
"perempuan","kelas A","SMA","normal","tidak","77","77","79"
"laki-laki","kelas C","diploma","normal","tidak","74","61","56"
"laki-laki","kelas D","campuran","normal","tidak","94","92","85"
"perempuan","kelas B","diploma","normal","ya","54","64","68"
"laki-laki","kelas A","SMA","normal","tidak","52","49","43"
"laki-laki","kelas D","campuran","normal","tidak","73","75","71"
"laki-laki","kelas C","SMA","normal","tidak","81","72","58"
"perempuan","kelas B","sarjana","mengurangi/sedikit","tidak","62","75","72"
"perempuan","kelas C","magister","mengurangi/sedikit","tidak","55","60","61"
"laki-laki","kelas C","SMP","mengurangi/sedikit","ya","55","61","61"
"perempuan","kelas D","SMP","normal","tidak","61","62","61"
"laki-laki","kelas E","SMA","normal","tidak","75","70","64"
"laki-laki","kelas E","campuran","mengurangi/sedikit","tidak","79","65","59"
"perempuan","kelas C","SMP","normal","tidak","70","70","68"
"laki-laki","kelas A","campuran","normal","tidak","72","65","59"
"perempuan","kelas C","SMP","mengurangi/sedikit","tidak","38","46","33"
"perempuan","kelas A","sarjana","normal","tidak","57","71","63"
"laki-laki","kelas D","SMP","normal","tidak","76","71","70"
"laki-laki","kelas C","campuran","mengurangi/sedikit","tidak","45","45","38"
"laki-laki","kelas D","diploma","normal","tidak","77","73","74"
"laki-laki","kelas C","SMA","normal","tidak","40","39","30"
"perempuan","kelas E","campuran","normal","tidak","78","83","78"
"perempuan","kelas A","magister","mengurangi/sedikit","tidak","63","65","66"
"laki-laki","kelas C","diploma","normal","tidak","83","70","73"
"laki-laki","kelas C","diploma","mengurangi/sedikit","tidak","55","52","47"
"laki-laki","kelas B","campuran","normal","ya","88","78","76"
"laki-laki","kelas C","sarjana","normal","tidak","82","83","85"
"laki-laki","kelas E","sarjana","normal","tidak","86","71","71"
"perempuan","kelas C","diploma","mengurangi/sedikit","tidak","61","74","72"
"perempuan","kelas D","campuran","normal","ya","78","85","93"
"laki-laki","kelas C","diploma","normal","tidak","67","63","66"
"perempuan","kelas E","SMP","normal","tidak","83","87","83"
"laki-laki","kelas C","SMP","normal","tidak","68","74","69"
"laki-laki","kelas C","campuran","normal","tidak","53","52","44"
"laki-laki","kelas D","diploma","normal","tidak","91","88","90"
"laki-laki","kelas B","diploma","mengurangi/sedikit","tidak","67","66","66"
"perempuan","kelas C","SMA","normal","ya","53","64","62"
"perempuan","kelas C","magister","normal","ya","86","100","100"
"laki-laki","kelas E","SMP","mengurangi/sedikit","ya","75","70","61"
"laki-laki","kelas C","campuran","normal","tidak","55","38","35"
"laki-laki","kelas D","sarjana","normal","ya","93","86","95"
"perempuan","kelas E","SMA","normal","tidak","62","71","66"
"laki-laki","kelas C","campuran","mengurangi/sedikit","tidak","83","76","71"
"laki-laki","kelas D","SMP","normal","tidak","73","72","64"
"perempuan","kelas C","SMA","mengurangi/sedikit","tidak","57","52","53"
"perempuan","kelas C","campuran","normal","tidak","70","75","75"
"perempuan","kelas B","SMA","normal","ya","55","62","64"
"laki-laki","kelas C","SMA","normal","tidak","65","56","51"
"perempuan","kelas C","SMP","normal","ya","76","85","88"
"laki-laki","kelas C","magister","mengurangi/sedikit","tidak","59","47","46"
"laki-laki","kelas C","diploma","normal","ya","74","73","77"
"laki-laki","kelas B","SMP","normal","tidak","65","59","60"
"laki-laki","kelas B","campuran","normal","ya","89","87","89"
"perempuan","kelas B","magister","normal","tidak","71","82","82"
"laki-laki","kelas C","campuran","mengurangi/sedikit","ya","63","69","59"
"laki-laki","kelas C","SMP","normal","ya","57","55","60"
"laki-laki","kelas B","campuran","mengurangi/sedikit","ya","56","67","56"
"laki-laki","kelas A","SMP","mengurangi/sedikit","ya","49","44","41"
"perempuan","kelas C","campuran","mengurangi/sedikit","ya","28","44","50"
"perempuan","kelas C","sarjana","mengurangi/sedikit","tidak","69","73","71"
"perempuan","kelas D","SMP","mengurangi/sedikit","tidak","49","62","60"
"laki-laki","kelas B","SMP","normal","ya","67","62","58"
"perempuan","kelas B","campuran","mengurangi/sedikit","ya","74","85","82"
"perempuan","kelas C","sarjana","normal","ya","47","67","63"
"perempuan","kelas C","campuran","normal","tidak","63","63","69"
"laki-laki","kelas C","campuran","normal","tidak","73","51","53"
"perempuan","kelas D","campuran","normal","tidak","91","94","96"
"laki-laki","kelas B","campuran","normal","tidak","80","87","79"
"perempuan","kelas C","diploma","normal","tidak","66","73","68"
"laki-laki","kelas B","campuran","normal","tidak","52","48","43"
"perempuan","kelas B","campuran","normal","tidak","65","71","65"
"laki-laki","kelas D","campuran","normal","ya","83","75","71"
"perempuan","kelas C","SMP","mengurangi/sedikit","tidak","80","85","78"
"laki-laki","kelas E","sarjana","mengurangi/sedikit","tidak","68","68","59"
"laki-laki","kelas C","campuran","mengurangi/sedikit","ya","68","73","68"
"laki-laki","kelas C","diploma","mengurangi/sedikit","tidak","62","43","45"
"perempuan","kelas B","SMP","normal","tidak","76","88","84"
"perempuan","kelas C","sarjana","mengurangi/sedikit","tidak","77","79","83"
"perempuan","kelas E","magister","mengurangi/sedikit","tidak","83","81","83"
"perempuan","kelas C","campuran","mengurangi/sedikit","tidak","71","78","82"
"laki-laki","kelas D","campuran","mengurangi/sedikit","ya","86","91","89"
"laki-laki","kelas B","magister","normal","tidak","93","96","96"
"perempuan","kelas B","diploma","mengurangi/sedikit","tidak","60","64","60"
"perempuan","kelas D","SMP","normal","tidak","57","56","58"
"laki-laki","kelas C","sarjana","normal","tidak","84","79","74"
"perempuan","kelas D","sarjana","normal","tidak","66","71","75"
"laki-laki","kelas D","magister","normal","tidak","85","69","74"
"perempuan","kelas D","magister","normal","ya","57","68","76"
"perempuan","kelas C","SMP","normal","tidak","41","49","49"
"perempuan","kelas C","SMP","normal","tidak","75","76","76"
"laki-laki","kelas D","SMA","mengurangi/sedikit","tidak","65","63","60"
"laki-laki","kelas E","campuran","normal","tidak","78","65","60"
"perempuan","kelas B","SMP","mengurangi/sedikit","tidak","26","34","28"
"laki-laki","kelas E","campuran","mengurangi/sedikit","tidak","71","64","66"
"laki-laki","kelas B","sarjana","normal","ya","86","92","93"
"laki-laki","kelas B","diploma","normal","ya","89","84","81"
"perempuan","kelas B","SMA","mengurangi/sedikit","tidak","53","64","63"
"perempuan","kelas C","diploma","normal","tidak","87","87","92"
"laki-laki","kelas D","diploma","normal","tidak","71","57","59"
"laki-laki","kelas D","SMA","normal","tidak","77","80","72"
"perempuan","kelas C","SMA","mengurangi/sedikit","ya","43","48","53"
"perempuan","kelas C","diploma","normal","tidak","88","91","86"
"laki-laki","kelas E","SMP","normal","tidak","86","76","63"
"perempuan","kelas E","SMP","mengurangi/sedikit","ya","45","56","55"
"laki-laki","kelas C","campuran","normal","tidak","69","56","57"
"perempuan","kelas D","SMA","normal","tidak","65","70","72"
"laki-laki","kelas E","campuran","mengurangi/sedikit","tidak","81","79","71"
"perempuan","kelas A","SMP","normal","tidak","90","88","86"
"perempuan","kelas E","diploma","normal","tidak","78","72","71"
"perempuan","kelas C","magister","normal","ya","71","79","89"
"perempuan","kelas C","SMP","normal","tidak","75","80","72"
"laki-laki","kelas C","sarjana","mengurangi/sedikit","tidak","70","60","56"
"laki-laki","kelas B","diploma","normal","tidak","54","52","48"
"laki-laki","kelas B","SMA","normal","tidak","49","36","32"
"laki-laki","kelas B","diploma","mengurangi/sedikit","ya","80","82","82"
"perempuan","kelas E","sarjana","normal","tidak","78","89","93"
"laki-laki","kelas C","sarjana","normal","tidak","89","77","82"
"perempuan","kelas C","sarjana","normal","ya","65","83","82"
"laki-laki","kelas D","diploma","normal","tidak","78","74","71"
"perempuan","kelas D","SMA","normal","tidak","69","85","78"
"laki-laki","kelas D","campuran","mengurangi/sedikit","tidak","49","47","48"
"perempuan","kelas D","magister","mengurangi/sedikit","tidak","50","64","66"
"perempuan","kelas E","campuran","normal","tidak","79","76","71"
"perempuan","kelas D","campuran","normal","ya","89","92","97"
"laki-laki","kelas A","diploma","mengurangi/sedikit","ya","48","61","59"
"perempuan","kelas A","sarjana","normal","tidak","63","67","71"
"perempuan","kelas C","campuran","normal","tidak","88","100","88"
"perempuan","kelas D","diploma","normal","tidak","66","73","73"
"perempuan","kelas B","campuran","mengurangi/sedikit","tidak","45","59","56"
"perempuan","kelas E","SMP","normal","ya","62","78","73"
"laki-laki","kelas D","campuran","mengurangi/sedikit","ya","74","80","86"
"perempuan","kelas D","sarjana","mengurangi/sedikit","tidak","82","87","90"
"laki-laki","kelas E","campuran","mengurangi/sedikit","ya","83","63","63"
"perempuan","kelas D","SMP","mengurangi/sedikit","ya","60","72","76"
"perempuan","kelas D","SMA","normal","tidak","66","73","72"
"laki-laki","kelas C","sarjana","mengurangi/sedikit","tidak","76","66","68"
"laki-laki","kelas B","diploma","normal","ya","75","74","76"
"laki-laki","kelas B","campuran","normal","ya","77","72","79"
"perempuan","kelas E","campuran","mengurangi/sedikit","tidak","82","88","86"
"laki-laki","kelas C","diploma","normal","ya","63","59","60"
"perempuan","kelas D","SMA","normal","tidak","70","85","85"
"laki-laki","kelas D","diploma","normal","ya","84","71","76"
"laki-laki","kelas C","SMA","normal","ya","68","60","63"
"laki-laki","kelas C","campuran","mengurangi/sedikit","tidak","56","58","50"
"perempuan","kelas C","diploma","mengurangi/sedikit","tidak","37","46","43"
"perempuan","kelas D","SMP","normal","tidak","49","56","53"
"perempuan","kelas E","campuran","normal","ya","100","100","100"
"laki-laki","kelas D","campuran","normal","tidak","83","68","65"
"perempuan","kelas E","magister","mengurangi/sedikit","ya","92","100","98"
"laki-laki","kelas E","magister","mengurangi/sedikit","tidak","71","62","66"
"laki-laki","kelas D","diploma","mengurangi/sedikit","ya","72","76","73"
"perempuan","kelas D","sarjana","mengurangi/sedikit","tidak","37","53","48"
"laki-laki","kelas C","sarjana","mengurangi/sedikit","tidak","35","43","35"
"laki-laki","kelas C","campuran","mengurangi/sedikit","tidak","69","68","62"
"perempuan","kelas C","sarjana","normal","tidak","65","73","81"
"laki-laki","kelas E","SMA","mengurangi/sedikit","tidak","56","48","36"
"perempuan","kelas D","SMA","normal","tidak","40","46","57"
"perempuan","kelas E","SMA","normal","tidak","60","62","60"
"perempuan","kelas C","SMP","normal","tidak","57","66","73"
"perempuan","kelas C","SMP","mengurangi/sedikit","ya","58","62","66"
"perempuan","kelas D","campuran","normal","ya","74","95","94"
"perempuan","kelas B","campuran","normal","tidak","77","77","83"
"laki-laki","kelas E","campuran","mengurangi/sedikit","tidak","66","57","53"
"perempuan","kelas D","campuran","normal","ya","62","79","87"
"laki-laki","kelas C","SMA","mengurangi/sedikit","tidak","29","38","27"
"perempuan","kelas B","campuran","normal","tidak","70","73","66"
"laki-laki","kelas A","diploma","mengurangi/sedikit","tidak","67","64","60"
"perempuan","kelas C","SMA","normal","ya","81","91","94"
"laki-laki","kelas C","diploma","mengurangi/sedikit","tidak","56","50","43"
"perempuan","kelas D","campuran","mengurangi/sedikit","tidak","61","79","76"
"perempuan","kelas D","SMA","mengurangi/sedikit","ya","47","54","56"
"laki-laki","kelas A","sarjana","normal","ya","88","87","94"
"laki-laki","kelas C","campuran","normal","ya","51","52","52"
"laki-laki","kelas C","magister","normal","tidak","68","60","62"
"perempuan","kelas B","diploma","normal","tidak","68","71","71"
"perempuan","kelas B","SMA","mengurangi/sedikit","tidak","47","49","50"
"laki-laki","kelas E","magister","mengurangi/sedikit","ya","84","77","82"
"laki-laki","kelas B","campuran","mengurangi/sedikit","tidak","69","72","68"
"perempuan","kelas D","sarjana","normal","ya","52","69","75"
"laki-laki","kelas B","diploma","normal","tidak","80","79","79"
"laki-laki","kelas C","sarjana","normal","tidak","100","84","88"
"laki-laki","kelas C","SMA","normal","ya","53","59","64"
"perempuan","kelas B","magister","normal","ya","59","73","74"
"perempuan","kelas B","campuran","normal","tidak","78","96","89"
"perempuan","kelas B","diploma","normal","tidak","84","87","89"
"perempuan","kelas C","SMA","mengurangi/sedikit","tidak","52","72","71"
"laki-laki","kelas C","diploma","mengurangi/sedikit","tidak","81","78","75"
"perempuan","kelas C","diploma","normal","ya","90","95","100"
"perempuan","kelas A","SMA","normal","tidak","63","73","66"
"laki-laki","kelas D","sarjana","normal","ya","100","97","100"
"perempuan","kelas B","campuran","normal","tidak","56","63","62"
"perempuan","kelas B","campuran","normal","tidak","46","54","54"
"perempuan","kelas B","SMA","mengurangi/sedikit","ya","75","85","90"
"perempuan","kelas A","campuran","normal","tidak","46","51","54"
"laki-laki","kelas A","SMP","mengurangi/sedikit","tidak","42","40","40"
"perempuan","kelas C","SMP","normal","ya","77","86","90"
"perempuan","kelas C","campuran","mengurangi/sedikit","tidak","40","63","56"
"perempuan","kelas D","SMA","normal","tidak","69","71","76"
"laki-laki","kelas C","SMA","normal","tidak","43","50","45"
"perempuan","kelas C","diploma","normal","ya","69","75","71"
"perempuan","kelas D","sarjana","normal","ya","89","93","100"
"laki-laki","kelas B","diploma","normal","tidak","44","34","36"
"laki-laki","kelas D","SMA","mengurangi/sedikit","ya","82","83","77"
"laki-laki","kelas D","diploma","mengurangi/sedikit","tidak","72","72","65"
"laki-laki","kelas C","sarjana","normal","tidak","64","53","50"
"laki-laki","kelas D","SMP","normal","tidak","89","73","70"
"laki-laki","kelas E","diploma","mengurangi/sedikit","tidak","58","53","54"
"perempuan","kelas A","SMA","normal","ya","63","81","78"
"perempuan","kelas A","sarjana","normal","tidak","54","66","69"
"laki-laki","kelas C","SMA","mengurangi/sedikit","ya","83","78","82"
"perempuan","kelas C","SMA","normal","tidak","57","74","64"
"perempuan","kelas C","SMA","normal","tidak","52","47","48"
"perempuan","kelas D","SMA","normal","ya","75","93","97"
"laki-laki","kelas E","SMA","mengurangi/sedikit","ya","67","66","64"
"laki-laki","kelas B","SMP","normal","tidak","58","60","53"
"perempuan","kelas B","sarjana","mengurangi/sedikit","tidak","63","66","68"
"perempuan","kelas D","SMP","mengurangi/sedikit","tidak","49","64","57"
"perempuan","kelas D","campuran","mengurangi/sedikit","tidak","38","47","52"
"perempuan","kelas B","campuran","normal","ya","74","85","84"
"laki-laki","kelas C","diploma","mengurangi/sedikit","ya","69","84","82"
"perempuan","kelas D","diploma","normal","tidak","77","82","80"
"perempuan","kelas A","magister","mengurangi/sedikit","tidak","40","59","59"
"perempuan","kelas B","magister","normal","ya","96","98","100"
"perempuan","kelas B","sarjana","normal","tidak","85","86","85"
"laki-laki","kelas D","diploma","normal","tidak","85","77","76"
"laki-laki","kelas C","SMA","normal","tidak","72","59","54"
"perempuan","kelas B","diploma","mengurangi/sedikit","tidak","63","78","73"
"laki-laki","kelas B","SMP","normal","tidak","58","67","58"
"laki-laki","kelas B","sarjana","mengurangi/sedikit","tidak","58","64","54"
"laki-laki","kelas C","SMA","mengurangi/sedikit","tidak","51","57","53"
"perempuan","kelas D","magister","normal","ya","100","100","100"
"perempuan","kelas D","magister","normal","tidak","77","84","92"
"laki-laki","kelas E","sarjana","mengurangi/sedikit","tidak","63","56","56"
"perempuan","kelas C","campuran","normal","tidak","64","67","68"
"laki-laki","kelas E","SMA","normal","tidak","100","82","80"
"laki-laki","kelas C","diploma","normal","tidak","66","65","65"
"laki-laki","kelas E","sarjana","normal","tidak","87","87","84"
"laki-laki","kelas C","SMA","normal","tidak","73","72","69"
"laki-laki","kelas C","magister","mengurangi/sedikit","ya","69","66","65"
"perempuan","kelas C","SMA","normal","tidak","62","64","63"
"perempuan","kelas C","SMP","normal","tidak","40","48","49"
"laki-laki","kelas C","campuran","mengurangi/sedikit","ya","55","68","60"
"laki-laki","kelas D","SMA","normal","ya","77","77","78"
"laki-laki","kelas D","campuran","normal","ya","63","70","71"
"laki-laki","kelas D","diploma","normal","ya","85","85","91"
"perempuan","kelas B","SMA","mengurangi/sedikit","tidak","30","43","40"
"laki-laki","kelas B","SMA","normal","tidak","82","77","71"
"laki-laki","kelas D","diploma","mengurangi/sedikit","ya","81","71","70"
"perempuan","kelas C","SMP","normal","ya","92","100","97"
"laki-laki","kelas B","campuran","mengurangi/sedikit","tidak","50","48","36"
"perempuan","kelas B","diploma","normal","tidak","54","60","56"
"laki-laki","kelas C","diploma","normal","ya","76","83","78"
"perempuan","kelas D","SMP","normal","tidak","60","68","74"
"perempuan","kelas A","diploma","mengurangi/sedikit","ya","45","72","66"
"laki-laki","kelas D","SMA","normal","tidak","80","77","72"
"laki-laki","kelas D","SMP","mengurangi/sedikit","tidak","52","45","48"
"perempuan","kelas C","SMA","normal","ya","90","89","97"
"perempuan","kelas D","SMA","mengurangi/sedikit","tidak","53","65","69"
"perempuan","kelas C","diploma","normal","tidak","92","95","95"
"perempuan","kelas C","campuran","normal","ya","63","78","75"
"perempuan","kelas B","SMP","normal","tidak","71","77","79"
"perempuan","kelas D","SMP","normal","tidak","64","70","73"
"perempuan","kelas C","campuran","normal","ya","67","81","89"
"laki-laki","kelas C","SMA","mengurangi/sedikit","tidak","63","63","61"
"laki-laki","kelas B","SMA","normal","tidak","63","53","44"
"laki-laki","kelas C","SMP","normal","tidak","59","49","46"
"laki-laki","kelas E","SMA","normal","tidak","49","43","35"
"perempuan","kelas D","magister","normal","tidak","75","84","86"
"perempuan","kelas C","SMP","mengurangi/sedikit","tidak","34","47","45"
"perempuan","kelas B","diploma","mengurangi/sedikit","tidak","53","70","69"
"laki-laki","kelas B","magister","normal","tidak","63","56","60"
"laki-laki","kelas C","diploma","normal","tidak","75","69","65"
"laki-laki","kelas E","diploma","mengurangi/sedikit","tidak","63","61","62"
"perempuan","kelas C","SMA","normal","tidak","70","72","75"
"perempuan","kelas C","campuran","normal","tidak","61","73","70"
"laki-laki","kelas C","diploma","normal","tidak","74","61","59"
"laki-laki","kelas D","diploma","mengurangi/sedikit","tidak","57","49","48"
"laki-laki","kelas C","SMP","mengurangi/sedikit","ya","41","52","47"
"laki-laki","kelas D","SMP","normal","tidak","87","80","76"
"laki-laki","kelas C","SMA","mengurangi/sedikit","tidak","69","71","62"
"laki-laki","kelas C","diploma","mengurangi/sedikit","tidak","69","77","70"
"laki-laki","kelas D","SMA","normal","ya","58","56","56"
"perempuan","kelas B","campuran","mengurangi/sedikit","ya","47","69","62"
"laki-laki","kelas D","diploma","normal","ya","78","69","71"
"perempuan","kelas B","campuran","mengurangi/sedikit","ya","54","61","71"
"laki-laki","kelas C","campuran","mengurangi/sedikit","tidak","36","27","26"
"laki-laki","kelas B","sarjana","normal","ya","94","92","92"
"perempuan","kelas D","diploma","mengurangi/sedikit","tidak","68","84","80"
"perempuan","kelas E","SMA","normal","tidak","90","88","84"
"laki-laki","kelas A","campuran","normal","tidak","57","57","53"
"laki-laki","kelas D","campuran","normal","ya","96","95","90"
"laki-laki","kelas B","SMP","normal","ya","68","63","62"
"perempuan","kelas C","SMP","normal","ya","52","64","63"
"laki-laki","kelas E","diploma","normal","tidak","90","76","73"
"laki-laki","kelas C","campuran","mengurangi/sedikit","ya","71","82","75"
"perempuan","kelas C","campuran","mengurangi/sedikit","ya","58","69","74"
"laki-laki","kelas C","SMP","mengurangi/sedikit","tidak","41","39","34"
"laki-laki","kelas D","SMP","normal","ya","43","37","43"
"laki-laki","kelas D","SMA","normal","tidak","85","70","71"
"laki-laki","kelas B","SMP","normal","tidak","71","72","69"
"perempuan","kelas A","SMA","normal","tidak","72","70","72"
"laki-laki","kelas D","diploma","mengurangi/sedikit","tidak","70","62","66"
"perempuan","kelas D","sarjana","normal","tidak","89","100","100"
"perempuan","kelas E","SMA","normal","tidak","92","86","82"
"laki-laki","kelas E","campuran","mengurangi/sedikit","ya","80","79","81"
"laki-laki","kelas C","SMP","normal","tidak","80","70","60"
"perempuan","kelas B","SMA","normal","tidak","56","64","59"
"laki-laki","kelas E","SMA","mengurangi/sedikit","tidak","93","86","73"
"laki-laki","kelas C","diploma","mengurangi/sedikit","ya","49","37","41"
"perempuan","kelas E","magister","normal","tidak","59","57","58"
"perempuan","kelas C","SMP","normal","ya","64","74","75"
"laki-laki","kelas D","SMP","normal","tidak","73","66","59"
"perempuan","kelas B","campuran","normal","ya","82","86","90"
"laki-laki","kelas D","SMA","mengurangi/sedikit","tidak","48","43","41"
"perempuan","kelas A","SMP","mengurangi/sedikit","ya","51","64","62"
"perempuan","kelas E","SMP","mengurangi/sedikit","ya","38","46","43"
"laki-laki","kelas B","campuran","mengurangi/sedikit","tidak","45","50","42"
"perempuan","kelas A","campuran","normal","ya","83","92","95"
"perempuan","kelas B","SMP","normal","ya","45","57","56"
"laki-laki","kelas D","SMA","mengurangi/sedikit","tidak","66","64","62"
"laki-laki","kelas D","SMA","mengurangi/sedikit","ya","60","62","57"
"laki-laki","kelas C","diploma","normal","tidak","49","47","49"
"laki-laki","kelas D","sarjana","normal","tidak","80","84","86"
"laki-laki","kelas E","SMA","normal","tidak","75","68","66"
"laki-laki","kelas B","campuran","mengurangi/sedikit","ya","57","68","61"
"perempuan","kelas B","SMP","mengurangi/sedikit","tidak","25","36","37"
"laki-laki","kelas E","campuran","mengurangi/sedikit","tidak","90","87","81"
"perempuan","kelas D","campuran","normal","tidak","63","70","71"
"laki-laki","kelas E","diploma","normal","tidak","100","91","86"
"laki-laki","kelas C","diploma","mengurangi/sedikit","tidak","76","68","66"
"perempuan","kelas B","SMP","mengurangi/sedikit","tidak","52","58","53"
"perempuan","kelas B","magister","normal","ya","81","86","93"
"laki-laki","kelas C","diploma","normal","ya","90","89","87"
"laki-laki","kelas D","diploma","normal","tidak","83","82","81"
"perempuan","kelas B","SMA","normal","tidak","61","73","69"
"perempuan","kelas E","diploma","normal","ya","79","69","75"
"laki-laki","kelas B","campuran","normal","tidak","52","53","51"
"perempuan","kelas B","sarjana","normal","ya","62","65","67"
"perempuan","kelas D","campuran","normal","tidak","85","90","84"
"perempuan","kelas E","SMA","mengurangi/sedikit","ya","74","96","95"
"laki-laki","kelas C","diploma","mengurangi/sedikit","tidak","83","85","78"
"laki-laki","kelas C","campuran","normal","tidak","78","72","72"
"perempuan","kelas C","SMA","mengurangi/sedikit","tidak","41","43","40"
"perempuan","kelas A","SMA","normal","tidak","77","91","87"
"laki-laki","kelas C","sarjana","normal","tidak","95","99","91"
"perempuan","kelas B","SMA","mengurangi/sedikit","tidak","50","68","66"
"laki-laki","kelas C","campuran","normal","tidak","74","76","70"
"perempuan","kelas D","sarjana","normal","ya","74","93","93"
"laki-laki","kelas E","SMA","normal","tidak","70","62","61"
"laki-laki","kelas D","diploma","mengurangi/sedikit","tidak","61","59","54"
"perempuan","kelas A","magister","normal","ya","94","100","100"
"perempuan","kelas D","SMA","normal","tidak","66","84","77"
"perempuan","kelas D","magister","normal","tidak","83","88","93"
"laki-laki","kelas D","SMA","normal","tidak","75","63","60"
"laki-laki","kelas D","SMA","mengurangi/sedikit","ya","56","65","63"
"perempuan","kelas B","campuran","mengurangi/sedikit","tidak","66","88","83"
"perempuan","kelas B","SMA","mengurangi/sedikit","tidak","61","69","66"
"laki-laki","kelas C","SMP","normal","ya","70","79","73"
"laki-laki","kelas C","magister","normal","tidak","57","59","53"
"perempuan","kelas C","diploma","mengurangi/sedikit","ya","78","89","90"
"perempuan","kelas C","SMP","normal","tidak","62","76","67"
"laki-laki","kelas C","SMP","normal","ya","64","53","49"
"perempuan","kelas B","SMA","mengurangi/sedikit","tidak","55","66","65"
"perempuan","kelas D","campuran","normal","tidak","72","83","83"
"laki-laki","kelas A","campuran","mengurangi/sedikit","tidak","49","48","42"
"perempuan","kelas D","campuran","normal","tidak","62","60","63"
"laki-laki","kelas B","SMP","mengurangi/sedikit","tidak","76","73","68"
"perempuan","kelas C","magister","normal","ya","73","86","85"
"perempuan","kelas C","diploma","normal","ya","72","76","78"
"laki-laki","kelas C","SMA","normal","tidak","85","85","76"
"laki-laki","kelas A","campuran","mengurangi/sedikit","tidak","71","68","65"
"perempuan","kelas C","SMP","mengurangi/sedikit","tidak","28","38","31"
"laki-laki","kelas C","SMA","mengurangi/sedikit","tidak","41","42","38"
"laki-laki","kelas E","diploma","normal","tidak","78","72","68"
"laki-laki","kelas C","magister","mengurangi/sedikit","tidak","48","52","44"
"laki-laki","kelas C","diploma","mengurangi/sedikit","tidak","38","51","47"
"perempuan","kelas A","sarjana","normal","ya","91","100","100"
"perempuan","kelas D","sarjana","normal","tidak","71","81","80"
"perempuan","kelas D","sarjana","normal","tidak","84","87","92"
"laki-laki","kelas E","diploma","mengurangi/sedikit","ya","63","60","63"
"perempuan","kelas A","diploma","normal","ya","70","78","87"
"laki-laki","kelas B","sarjana","mengurangi/sedikit","ya","48","52","57"
"laki-laki","kelas D","SMP","normal","ya","68","72","73"
"perempuan","kelas D","campuran","normal","tidak","84","84","87"
"laki-laki","kelas D","SMA","normal","tidak","61","62","60"
"laki-laki","kelas C","SMP","mengurangi/sedikit","tidak","62","59","62"
"perempuan","kelas C","magister","mengurangi/sedikit","tidak","66","78","83"
"perempuan","kelas C","SMA","normal","ya","52","65","71"
"perempuan","kelas D","campuran","normal","ya","68","75","73"
"laki-laki","kelas D","campuran","mengurangi/sedikit","ya","62","68","71"
"laki-laki","kelas E","sarjana","normal","ya","90","88","84"
"perempuan","kelas A","magister","mengurangi/sedikit","tidak","42","50","44"
"laki-laki","kelas D","diploma","mengurangi/sedikit","ya","74","90","89"
"laki-laki","kelas B","diploma","normal","ya","62","61","61"
"laki-laki","kelas C","campuran","normal","tidak","56","55","50"
"laki-laki","kelas C","SMA","mengurangi/sedikit","tidak","64","52","54"
"laki-laki","kelas D","SMA","normal","ya","79","84","80"
"perempuan","kelas C","SMP","normal","tidak","44","65","63"
"perempuan","kelas B","campuran","normal","ya","69","94","87"
"laki-laki","kelas A","campuran","normal","tidak","53","48","48"
"laki-laki","kelas C","SMA","normal","tidak","74","69","61"
"laki-laki","kelas C","diploma","normal","tidak","49","55","48"
"perempuan","kelas D","diploma","mengurangi/sedikit","tidak","57","71","71"
"perempuan","kelas D","magister","normal","tidak","61","72","64"
"perempuan","kelas C","magister","mengurangi/sedikit","tidak","65","88","84"
"perempuan","kelas C","campuran","normal","tidak","51","60","52"
"perempuan","kelas C","SMP","normal","tidak","49","51","41"
"laki-laki","kelas B","magister","mengurangi/sedikit","tidak","56","65","56"
"laki-laki","kelas D","diploma","normal","tidak","65","62","63"
"laki-laki","kelas D","campuran","normal","tidak","70","64","62"
"laki-laki","kelas D","campuran","normal","tidak","91","95","88"
"perempuan","kelas D","SMA","normal","ya","48","56","64"
"perempuan","kelas C","diploma","normal","ya","94","99","100"
"laki-laki","kelas B","magister","normal","tidak","77","76","73"
"perempuan","kelas D","SMP","normal","tidak","59","78","75"
"perempuan","kelas C","campuran","mengurangi/sedikit","tidak","57","75","70"
"perempuan","kelas C","SMP","normal","tidak","76","82","74"
"laki-laki","kelas D","SMA","normal","tidak","65","63","64"
"perempuan","kelas B","magister","normal","ya","75","75","83"
"laki-laki","kelas D","magister","normal","tidak","70","66","65"
"laki-laki","kelas C","SMA","normal","ya","79","79","70"
"laki-laki","kelas E","diploma","normal","ya","100","100","100"
"perempuan","kelas A","sarjana","normal","ya","83","96","99"
"perempuan","kelas C","diploma","mengurangi/sedikit","tidak","70","84","78"
"laki-laki","kelas E","SMP","normal","ya","97","80","88"
"perempuan","kelas E","SMA","mengurangi/sedikit","tidak","33","32","35"
"laki-laki","kelas B","magister","mengurangi/sedikit","tidak","38","40","41"
"laki-laki","kelas C","campuran","normal","ya","46","51","47"
"perempuan","kelas D","campuran","mengurangi/sedikit","tidak","13","36","37"
"laki-laki","kelas A","magister","normal","tidak","85","83","78"
"perempuan","kelas B","campuran","normal","tidak","79","79","80"
"perempuan","kelas B","SMP","normal","tidak","76","81","79"
"perempuan","kelas C","SMP","mengurangi/sedikit","ya","53","70","65"
"laki-laki","kelas A","SMA","normal","ya","68","70","63"
"laki-laki","kelas D","diploma","mengurangi/sedikit","ya","67","70","70"
"laki-laki","kelas E","campuran","normal","ya","100","84","88"
"laki-laki","kelas C","diploma","mengurangi/sedikit","tidak","54","48","45"
"perempuan","kelas E","diploma","mengurangi/sedikit","tidak","72","73","70"
"laki-laki","kelas A","campuran","normal","ya","91","97","95"
"laki-laki","kelas D","magister","normal","ya","87","81","86"
"perempuan","kelas D","diploma","mengurangi/sedikit","tidak","66","75","74"
"laki-laki","kelas C","SMP","normal","tidak","65","66","64"
"perempuan","kelas E","diploma","mengurangi/sedikit","ya","41","56","53"
"perempuan","kelas C","diploma","normal","tidak","67","69","65"
"laki-laki","kelas E","SMA","normal","tidak","94","89","86"
"perempuan","kelas B","sarjana","mengurangi/sedikit","ya","57","70","68"
"laki-laki","kelas A","SMA","normal","tidak","89","83","80"
"laki-laki","kelas A","diploma","normal","ya","77","73","80"
"laki-laki","kelas C","SMP","normal","tidak","57","60","50"
"laki-laki","kelas D","campuran","normal","ya","72","72","72"
"laki-laki","kelas D","sarjana","normal","ya","98","94","95"
"perempuan","kelas D","magister","normal","tidak","87","97","100"
"laki-laki","kelas C","SMP","mengurangi/sedikit","tidak","61","57","55"
"perempuan","kelas C","magister","normal","tidak","85","100","97"
"perempuan","kelas D","SMP","normal","tidak","81","85","91"
"perempuan","kelas D","SMA","normal","ya","74","84","79"
"laki-laki","kelas C","sarjana","normal","tidak","98","92","90"
"perempuan","kelas D","campuran","normal","tidak","86","84","89"
"laki-laki","kelas C","sarjana","normal","ya","85","81","82"
"laki-laki","kelas C","campuran","normal","tidak","68","71","63"
"perempuan","kelas E","SMA","mengurangi/sedikit","ya","66","78","77"
"laki-laki","kelas B","SMP","mengurangi/sedikit","ya","75","74","71"
"laki-laki","kelas C","sarjana","normal","tidak","79","57","58"
"perempuan","kelas B","sarjana","mengurangi/sedikit","tidak","59","85","82"
"laki-laki","kelas B","magister","mengurangi/sedikit","tidak","60","62","58"
"laki-laki","kelas D","SMA","normal","tidak","69","60","54"
"perempuan","kelas B","SMA","mengurangi/sedikit","tidak","49","54","58"
"laki-laki","kelas D","campuran","normal","tidak","62","44","52"
"perempuan","kelas E","SMA","mengurangi/sedikit","ya","70","84","83"
"laki-laki","kelas D","sarjana","normal","tidak","71","57","60"
"laki-laki","kelas C","sarjana","normal","tidak","71","69","65"
"perempuan","kelas C","SMP","mengurangi/sedikit","tidak","50","59","54"
"perempuan","kelas B","SMA","normal","tidak","52","55","57"
"laki-laki","kelas E","campuran","mengurangi/sedikit","ya","75","65","66"
"perempuan","kelas C","sarjana","normal","tidak","51","64","63"
"laki-laki","kelas C","SMP","normal","tidak","64","48","50"
"perempuan","kelas A","campuran","mengurangi/sedikit","ya","65","76","72"
"laki-laki","kelas B","magister","normal","tidak","99","81","87"
"perempuan","kelas B","diploma","normal","tidak","60","62","58"
"perempuan","kelas B","campuran","normal","tidak","70","78","80"
"laki-laki","kelas A","campuran","normal","ya","77","76","77"
"laki-laki","kelas B","SMA","mengurangi/sedikit","tidak","37","28","23"
"laki-laki","kelas E","diploma","mengurangi/sedikit","tidak","73","73","61"
"perempuan","kelas B","diploma","mengurangi/sedikit","ya","53","74","75"
"perempuan","kelas B","diploma","normal","tidak","67","58","62"
"perempuan","kelas B","campuran","mengurangi/sedikit","tidak","67","79","80"
"laki-laki","kelas B","SMA","mengurangi/sedikit","tidak","51","57","50"
"laki-laki","kelas D","SMA","normal","ya","64","71","70"
"laki-laki","kelas E","campuran","mengurangi/sedikit","tidak","55","42","43"
"laki-laki","kelas D","diploma","mengurangi/sedikit","ya","55","39","51"
"laki-laki","kelas E","diploma","normal","tidak","86","77","78"
"perempuan","kelas B","magister","normal","tidak","71","88","85"
"laki-laki","kelas C","SMA","mengurangi/sedikit","tidak","71","63","64"
"perempuan","kelas C","SMP","mengurangi/sedikit","tidak","51","67","69"
"perempuan","kelas E","campuran","normal","ya","75","76","85"
"laki-laki","kelas C","SMP","mengurangi/sedikit","tidak","45","31","27"
"laki-laki","kelas B","SMP","normal","tidak","59","54","48"
"perempuan","kelas E","SMA","mengurangi/sedikit","tidak","64","69","68"
"laki-laki","kelas A","campuran","normal","ya","78","69","73"
"laki-laki","kelas D","SMA","mengurangi/sedikit","tidak","59","61","58"
"laki-laki","kelas E","sarjana","mengurangi/sedikit","tidak","80","70","71"
"laki-laki","kelas B","diploma","normal","ya","68","82","77"
"perempuan","kelas B","diploma","normal","tidak","77","81","79"
"laki-laki","kelas C","SMA","normal","tidak","66","67","64"
"perempuan","kelas C","campuran","mengurangi/sedikit","ya","26","44","46"
"laki-laki","kelas D","campuran","normal","ya","80","66","69"
"perempuan","kelas D","SMP","mengurangi/sedikit","tidak","48","62","61"
"perempuan","kelas A","diploma","normal","tidak","52","64","55"
"perempuan","kelas D","magister","mengurangi/sedikit","tidak","54","64","64"
"perempuan","kelas C","campuran","normal","ya","59","68","67"
"laki-laki","kelas D","SMA","normal","tidak","77","62","65"
"perempuan","kelas B","campuran","mengurangi/sedikit","tidak","64","70","69"
"laki-laki","kelas D","SMA","normal","tidak","83","72","68"
"laki-laki","kelas E","SMA","mengurangi/sedikit","tidak","70","73","69"
"laki-laki","kelas C","SMP","normal","tidak","72","68","67"
"perempuan","kelas B","diploma","normal","tidak","83","78","79"
"perempuan","kelas B","diploma","normal","tidak","52","58","57"
"perempuan","kelas C","campuran","mengurangi/sedikit","ya","53","73","74"
"laki-laki","kelas D","campuran","normal","tidak","55","55","55"
"laki-laki","kelas C","diploma","normal","tidak","65","63","61"
"perempuan","kelas E","SMP","normal","tidak","60","67","64"
"laki-laki","kelas E","SMA","mengurangi/sedikit","ya","64","62","59"
"laki-laki","kelas C","diploma","normal","tidak","71","72","69"
"laki-laki","kelas C","sarjana","mengurangi/sedikit","ya","61","71","65"
"laki-laki","kelas D","diploma","normal","tidak","61","55","58"
"perempuan","kelas C","magister","normal","tidak","65","74","79"
"perempuan","kelas D","SMP","normal","ya","71","83","89"
"laki-laki","kelas E","diploma","mengurangi/sedikit","tidak","48","49","44"
"laki-laki","kelas E","SMA","mengurangi/sedikit","ya","75","80","75"
"laki-laki","kelas D","diploma","mengurangi/sedikit","tidak","54","66","65"
"perempuan","kelas C","magister","normal","tidak","70","64","65"
"laki-laki","kelas D","SMP","normal","tidak","91","77","72"
"perempuan","kelas D","SMP","normal","ya","33","44","50"
"perempuan","kelas B","SMA","normal","tidak","45","50","41"
"laki-laki","kelas A","SMA","mengurangi/sedikit","tidak","45","33","32"
"laki-laki","kelas D","sarjana","mengurangi/sedikit","tidak","62","61","57"
"laki-laki","kelas E","diploma","mengurangi/sedikit","ya","92","79","77"
"perempuan","kelas D","campuran","normal","tidak","74","75","79"
"perempuan","kelas C","SMA","normal","ya","81","79","83"
"laki-laki","kelas C","diploma","mengurangi/sedikit","tidak","76","71","66"
"perempuan","kelas C","diploma","normal","ya","57","72","73"
"laki-laki","kelas A","campuran","mengurangi/sedikit","tidak","63","61","55"
"perempuan","kelas D","SMA","normal","ya","57","62","73"
"perempuan","kelas B","campuran","normal","ya","46","65","64"
"laki-laki","kelas E","SMP","mengurangi/sedikit","ya","49","50","45"
"perempuan","kelas D","SMP","normal","tidak","54","60","65"
"laki-laki","kelas C","SMP","normal","ya","89","87","90"
"laki-laki","kelas D","sarjana","normal","ya","77","70","78"
"perempuan","kelas C","sarjana","normal","tidak","46","63","60"
"laki-laki","kelas B","diploma","normal","ya","66","59","70"
"perempuan","kelas C","SMA","normal","tidak","48","63","53"
"laki-laki","kelas D","diploma","normal","ya","83","76","81"
"laki-laki","kelas C","SMA","normal","ya","69","75","74"
"laki-laki","kelas E","sarjana","mengurangi/sedikit","tidak","73","52","54"
"perempuan","kelas D","campuran","normal","tidak","43","59","59"
"laki-laki","kelas D","magister","normal","ya","91","84","83"
"laki-laki","kelas C","diploma","normal","ya","49","58","55"
"laki-laki","kelas B","magister","normal","tidak","87","86","84"
"laki-laki","kelas B","SMP","normal","ya","46","46","44"
"perempuan","kelas D","SMP","normal","ya","63","61","71"
"laki-laki","kelas E","sarjana","normal","tidak","100","83","86"
"perempuan","kelas E","sarjana","normal","tidak","86","87","89"
"perempuan","kelas A","SMP","mengurangi/sedikit","ya","55","73","70"
"perempuan","kelas E","magister","mengurangi/sedikit","tidak","84","100","99"
"perempuan","kelas B","SMP","mengurangi/sedikit","tidak","39","51","48"
"laki-laki","kelas B","SMA","normal","tidak","67","57","52"
"perempuan","kelas D","SMP","normal","ya","85","100","97"
"laki-laki","kelas C","SMP","normal","tidak","64","51","44"
"perempuan","kelas E","diploma","normal","tidak","81","77","74"
"laki-laki","kelas C","diploma","normal","tidak","78","71","67"
"perempuan","kelas B","SMP","normal","tidak","59","59","58"
"laki-laki","kelas C","diploma","normal","tidak","74","76","70"
"perempuan","kelas B","campuran","mengurangi/sedikit","ya","31","29","35"
"perempuan","kelas C","SMP","mengurangi/sedikit","ya","54","55","65"
"laki-laki","kelas C","SMA","mengurangi/sedikit","tidak","51","51","45"
"perempuan","kelas B","sarjana","mengurangi/sedikit","ya","57","65","68"
"perempuan","kelas C","SMP","mengurangi/sedikit","tidak","39","50","49"
"laki-laki","kelas C","campuran","normal","tidak","64","48","48"
"laki-laki","kelas C","magister","mengurangi/sedikit","ya","69","79","72"
"laki-laki","kelas A","SMP","normal","tidak","58","50","47"
"perempuan","kelas D","SMA","normal","tidak","63","71","75"
"laki-laki","kelas E","diploma","normal","tidak","74","73","67"
"laki-laki","kelas E","campuran","mengurangi/sedikit","tidak","78","84","77"
"laki-laki","kelas A","campuran","normal","ya","78","78","74"
"perempuan","kelas B","campuran","normal","tidak","75","76","81"
"laki-laki","kelas D","campuran","normal","ya","70","60","65"
"laki-laki","kelas D","campuran","normal","tidak","67","55","53"
"perempuan","kelas C","diploma","normal","tidak","87","93","88"
"laki-laki","kelas C","campuran","normal","tidak","69","63","66"
"perempuan","kelas A","diploma","normal","tidak","58","54","58"
"laki-laki","kelas E","SMA","mengurangi/sedikit","ya","86","82","75"
"laki-laki","kelas C","SMA","normal","tidak","73","70","65"
"laki-laki","kelas D","diploma","mengurangi/sedikit","ya","85","91","92"
"perempuan","kelas C","SMP","mengurangi/sedikit","tidak","32","35","41"
"perempuan","kelas C","campuran","normal","tidak","73","74","82"
"laki-laki","kelas A","campuran","normal","ya","65","60","62"
